--INSERT DATA INTO TABLE EMPLOYEE:
INSERT INTO EMPLOYEE VALUES ('1', 'Kai Liang', 'supervisor', '10000', '102323059576');
INSERT INTO EMPLOYEE VALUES ('2', 'Nurul', 'cashier', '8000', '102323059577');
INSERT INTO EMPLOYEE VALUES ('3', 'Hani', 'cashier', '7000', '102323059578');
INSERT INTO EMPLOYEE VALUES ('4', 'Yee Taung', 'shopkeeper', '6000', '102323059579');
INSERT INTO EMPLOYEE VALUES ('5', 'Jing Shan', 'shopkeeper', '5000', '102423059576');
INSERT INTO EMPLOYEE VALUES ('6', 'Michael', 'shopkeeper', '4000', '102423059577');
select * from employee;

--INSERT DATA INTO TABLE WORK_TIME:
INSERT INTO WORK_TIME VALUES (DATE '2022-06-17', '1', TIMESTAMP '2022-06-17 8:14:14', TIMESTAMP '2022-06-17 17:15:14');
INSERT INTO WORK_TIME VALUES (DATE '2022-06-17', '2', TIMESTAMP '2022-06-17 8:14:18', TIMESTAMP '2022-06-17 17:23:18');
INSERT INTO WORK_TIME VALUES (DATE '2022-06-17', '3', TIMESTAMP '2022-06-17 8:14:20', TIMESTAMP '2022-06-17 17:17:20');
INSERT INTO WORK_TIME VALUES (DATE '2022-06-18', '5', TIMESTAMP '2022-06-18 8:14:28', TIMESTAMP '2022-06-18 18:24:28');
INSERT INTO WORK_TIME VALUES (DATE '2022-06-18', '6', TIMESTAMP '2022-06-18 8:14:34', TIMESTAMP '2022-06-18 18:14:34');
INSERT INTO WORK_TIME VALUES (DATE '2022-06-18', '3', TIMESTAMP '2022-06-18 8:14:38', TIMESTAMP '2022-06-18 17:44:38');
INSERT INTO WORK_TIME VALUES (DATE '2022-06-19', '3', TIMESTAMP '2022-06-19 8:14:38', TIMESTAMP '2022-06-19 17:44:38');
INSERT INTO WORK_TIME VALUES (DATE '2022-06-19', '6', TIMESTAMP '2022-06-19 8:13:08', TIMESTAMP '2022-06-19 17:46:23');
INSERT INTO WORK_TIME VALUES (DATE '2022-06-19', '4', TIMESTAMP '2022-06-19 7:16:08', TIMESTAMP '2022-06-19 18:23:35');
INSERT INTO WORK_TIME VALUES (DATE '2022-06-20', '2', TIMESTAMP '2022-06-20 8:05:25', TIMESTAMP '2022-06-20 16:34:34');
INSERT INTO WORK_TIME VALUES (DATE '2022-06-20', '5', TIMESTAMP '2022-06-20 8:34:32', TIMESTAMP '2022-06-20 18:43:56');
INSERT INTO WORK_TIME VALUES (DATE '2022-06-20', '3', TIMESTAMP '2022-06-20 7:56:45', TIMESTAMP '2022-06-20 17:45:53');
INSERT INTO WORK_TIME VALUES (DATE '2022-06-21', '2', TIMESTAMP '2022-06-21 8:54:46', TIMESTAMP '2022-06-21 17:34:43');
INSERT INTO WORK_TIME VALUES (DATE '2022-06-21', '1', TIMESTAMP '2022-06-21 9:45:34', TIMESTAMP '2022-06-21 18:54:25');
INSERT INTO WORK_TIME VALUES (DATE '2022-06-22', '1', TIMESTAMP '2022-06-22 8:32:25', TIMESTAMP '2022-06-22 16:47:54');
select * from work_time;

--INSERT DATA INTO TABLE SUPPLIER_CONTRACT:
INSERT INTO SUPPLIER_CONTRACT VALUES ('1111', 'Mango', DATE '2021-05-11', DATE '2023-05-11');
INSERT INTO SUPPLIER_CONTRACT VALUES ('1112', 'Banana', DATE '2021-05-21', DATE '2023-06-12');
INSERT INTO SUPPLIER_CONTRACT VALUES ('1113', 'Tissue paper', DATE '2021-11-14', DATE '2023-09-10');
INSERT INTO SUPPLIER_CONTRACT VALUES ('1114', 'Egg', DATE '2021-03-10', DATE '2023-08-11');
INSERT INTO SUPPLIER_CONTRACT VALUES ('1115', 'Ice cream', DATE '2021-06-11', DATE '2023-06-11');
INSERT INTO SUPPLIER_CONTRACT VALUES ('1116', 'A4 paper', DATE '2021-06-15', DATE '2024-04-22');
INSERT INTO SUPPLIER_CONTRACT VALUES ('1117', 'Pineapple', DATE '2021-11-13', DATE '2024-03-12');
INSERT INTO SUPPLIER_CONTRACT VALUES ('1118', 'Tiger biscuit', DATE '2021-05-14', DATE '2023-05-24');
INSERT INTO SUPPLIER_CONTRACT VALUES ('1119', 'Mamee kari', DATE '2021-02-23', DATE '2023-05-30');
INSERT INTO SUPPLIER_CONTRACT VALUES ('1120', 'Yeos soya drink', DATE '2020-04-13', DATE '2023-02-11');
INSERT INTO SUPPLIER_CONTRACT VALUES ('1121', 'Maggi tonyam', DATE '2021-12-16', DATE '2024-04-21');
INSERT INTO SUPPLIER_CONTRACT VALUES ('1122', 'Pencil 2B', DATE '2021-03-11', DATE '2023-09-21');
INSERT INTO SUPPLIER_CONTRACT VALUES ('1123', 'Wonderful shampoo', DATE '2020-10-16', DATE '2023-02-13');
INSERT INTO SUPPLIER_CONTRACT VALUES ('1124', 'Italian chicken powder', DATE '2021-02-15', DATE '2024-08-10');
select * from supplier_contract;

--INSERT DATA INTO TABLE PERSON_IN_CHARGE:
INSERT INTO PERSON_IN_CHARGE VALUES (60137706650, 'Boon', 'Pin');
INSERT INTO PERSON_IN_CHARGE VALUES (60137706651, 'Hazni', 'Awang');
INSERT INTO PERSON_IN_CHARGE VALUES (60137706652, 'Leong', 'Chun');
INSERT INTO PERSON_IN_CHARGE VALUES (60137706653, 'Jing', 'Chun');
INSERT INTO PERSON_IN_CHARGE VALUES (60137706654, 'Fook', 'Pei');
INSERT INTO PERSON_IN_CHARGE VALUES (60137706655, 'Pei', 'Yi');
INSERT INTO PERSON_IN_CHARGE VALUES (60137706656, 'Heng', 'Feng');
INSERT INTO PERSON_IN_CHARGE VALUES (60137706657, 'Dao', 'Ying');
INSERT INTO PERSON_IN_CHARGE VALUES (60137706658, 'Xing', 'Chun');
INSERT INTO PERSON_IN_CHARGE VALUES (60137706659, 'Wei', 'Ko');
INSERT INTO PERSON_IN_CHARGE VALUES (60137706660, 'Jun', 'Phuah');
INSERT INTO PERSON_IN_CHARGE VALUES (60137706661, 'Cheng', 'Yu');
INSERT INTO PERSON_IN_CHARGE VALUES (60137706662, 'Liu', 'Kah');
INSERT INTO PERSON_IN_CHARGE VALUES (60137706663, 'Gen', 'Shen');
select * from person_in_charge;

--INSERT DATA INTO TABLE SUPPLIER:
INSERT INTO SUPPLIER VALUES ('775', '1111', 'PNG Fruit', 'No 2,Jalan Abdullah, Taman Abdullah, 40000Klang, Selangor', 60137706650);
INSERT INTO SUPPLIER VALUES ('776', '1112', 'Tropicana Fruit', 'No 232,Jalan Austin Mount, Taman Austin, 40000Klang, Selangor', 60137706651);
INSERT INTO SUPPLIER VALUES ('777', '1113', 'Tissue-tech Inc.', 'No 23,Jalan Bijak, Taman Bijak, 40000Klang, Selangor', 60137706652);
INSERT INTO SUPPLIER VALUES ('778', '1114', 'Eggland', 'No 2,Jalan Nagasari, Taman Nagasari, 40000Klang, Selangor', 60137706653);
INSERT INTO SUPPLIER VALUES ('779', '1115', 'Creamy Delights Ice', 'No 44,Jalan Putra, Taman Putra, 40000Klang, Selangor', 60137706654);
INSERT INTO SUPPLIER VALUES ('780', '1116', 'Paper Zone', 'No 21,Jalan Genuang, Taman Genuang, 40000Klang, Selangor', 60137706655);
INSERT INTO SUPPLIER VALUES ('781', '1117', 'Apper Fruit', 'No 2,Jalan Bumi, Taman Bumi, 40000Klang, Selangor', 60137706656);
INSERT INTO SUPPLIER VALUES ('782', '1118', 'Lion Biskuit Inc', 'No 1,Jalan Yayasan, Taman Yayasan, 40000Klang, Selangor', 60137706657);
INSERT INTO SUPPLIER VALUES ('783', '1119', 'Mamee Malaysia', 'No 23,Jalan Genuang, Taman Genuang, 40000Klang, Selangor', 60137706658);
INSERT INTO SUPPLIER VALUES ('784', '1120', 'Yeos Sdn Bhd', 'No 41,Jalan Jasa, Taman Jasa, 40000Klang, Selangor', 60137706659);
INSERT INTO SUPPLIER VALUES ('785', '1121', 'Maggi Malaysia', 'No 2234,Jalan Besar, Taman Besar, 40000Klang, Selangor', 60137706660);
INSERT INTO SUPPLIER VALUES ('786', '1122', 'Pilot Stationary Inc', 'No 324,Jalan Longgar, Taman Longgar, 40000Klang, Selangor', 60137706661);
INSERT INTO SUPPLIER VALUES ('787', '1123', 'Bubble Lab', 'No 23,Jalan Hantu, Taman Hantu, 40000Klang, Selangor', 60137706662);
INSERT INTO SUPPLIER VALUES ('788', '1124', 'Italian Taste Inc', 'No 19,Jalan Kedih, Taman Kedih, 40000Klang, Selangor', 60137706663);
select * from supplier ORDER BY SUPPLIER_ID;

--INSERT DATA INTO TABLE PROMOTION:
INSERT INTO PROMOTION VALUES ('1', DATE '2021-01-01', DATE '2059-12-31', 0);
INSERT INTO PROMOTION VALUES ('2', DATE '2021-05-11', DATE '2021-06-10', 0.4);
INSERT INTO PROMOTION VALUES ('3', DATE '2021-06-11', DATE '2021-07-10', 1.3);
INSERT INTO PROMOTION VALUES ('4', DATE '2021-06-11', DATE '2021-07-10', 1.2);
INSERT INTO PROMOTION VALUES ('5', DATE '2021-06-11', DATE '2021-07-10', 0.25);
INSERT INTO PROMOTION VALUES ('6', DATE '2021-06-11', DATE '2021-07-10', 2.4);
INSERT INTO PROMOTION VALUES ('7', DATE '2022-08-14', DATE '2022-09-17', 1.2);
INSERT INTO PROMOTION VALUES ('8', DATE '2022-08-14', DATE '2022-09-17', 1.3);
INSERT INTO PROMOTION VALUES ('9', DATE '2022-08-14', DATE '2022-09-17', 1.5);
INSERT INTO PROMOTION VALUES ('10', DATE '2022-08-14', DATE '2022-09-17', 1.2);
INSERT INTO PROMOTION VALUES ('11', DATE '2022-10-12', DATE '2022-11-30', 2.3);
INSERT INTO PROMOTION VALUES ('12', DATE '2022-10-12', DATE '2022-11-30', 0.32);
INSERT INTO PROMOTION VALUES ('13', DATE '2022-10-12', DATE '2022-11-30', 5.12);
INSERT INTO PROMOTION VALUES ('14', DATE '2022-10-12', DATE '2022-11-30', 0.4);
select * from promotion;

--INSERT DATA INTO TABLE PRODUCT:
INSERT INTO PRODUCT VALUES ('1775', '1', 'mango_a1', 'fruit', 5.5);
INSERT INTO PRODUCT VALUES ('1776', '2', 'banana_b1', 'fruit', 3.5);
INSERT INTO PRODUCT VALUES ('1777', '1', 'tissue_paper_g6', 'daily product', 5);
INSERT INTO PRODUCT VALUES ('1778', '4', 'egg_gradeB', 'food', 4.3);
INSERT INTO PRODUCT VALUES ('1779', '1', 'lime_icecream', 'food', 2);
INSERT INTO PRODUCT VALUES ('1780', '6', 'stationary_a4_paper', 'stationary', 10.5);
INSERT INTO PRODUCT VALUES ('1781', '7', 'pineapple_a2', 'fruit', 4.7);
INSERT INTO PRODUCT VALUES ('1782', '8', 'tiger_biscuit', 'food', 6.5);
INSERT INTO PRODUCT VALUES ('1783', '9', 'mamee_kari', 'food', 4.5);
INSERT INTO PRODUCT VALUES ('1784', '10', 'yeos_soya_bean_drink_packet', 'drink', 3.8);
INSERT INTO PRODUCT VALUES ('1785', '11', 'maggi tonyam', 'food', 4.8);
INSERT INTO PRODUCT VALUES ('1786', '12', 'pilot_2B_pencil', 'stationary', 1.5);
INSERT INTO PRODUCT VALUES ('1787', '13', 'wonderful_shampoo', 'daily product', 23.4);
INSERT INTO PRODUCT VALUES ('1788', '14', 'italian_chicken_brand_poweder', 'food', 2.6);
select * from product;

--INSERT DATA INTO TABLE SUPPLIER_ORDER:
INSERT INTO SUPPLIER_ORDER VALUES ('8888', DATE '2022-04-22', '1775', '775', 200);
INSERT INTO SUPPLIER_ORDER VALUES ('8889', DATE '2022-04-22', '1776', '775', 300);
INSERT INTO SUPPLIER_ORDER VALUES ('8890', DATE '2022-04-22', '1777', '777', 700);
INSERT INTO SUPPLIER_ORDER VALUES ('8891', DATE '2022-05-22', '1778', '778', 500);
INSERT INTO SUPPLIER_ORDER VALUES ('8892', DATE '2022-05-22', '1779', '779', 800);
INSERT INTO SUPPLIER_ORDER VALUES ('8893', DATE '2022-05-22', '1780', '780', 900);
INSERT INTO SUPPLIER_ORDER VALUES ('8894', DATE '2022-06-23', '1781', '781', 230);
INSERT INTO SUPPLIER_ORDER VALUES ('8895', DATE '2022-06-23', '1782', '782', 540);
INSERT INTO SUPPLIER_ORDER VALUES ('8896', DATE '2022-07-23', '1783', '783', 230);
INSERT INTO SUPPLIER_ORDER VALUES ('8897', DATE '2022-07-24', '1784', '784', 430);
INSERT INTO SUPPLIER_ORDER VALUES ('8898', DATE '2022-08-28', '1785', '785', 540);
INSERT INTO SUPPLIER_ORDER VALUES ('8899', DATE '2022-09-13', '1787', '787', 760);
INSERT INTO SUPPLIER_ORDER VALUES ('8900', DATE '2022-10-15', '1783', '783', 240);
INSERT INTO SUPPLIER_ORDER VALUES ('8901', DATE '2022-10-26', '1784', '784', 650);
INSERT INTO SUPPLIER_ORDER VALUES ('8902', DATE '2022-11-18', '1776', '776', 680);
INSERT INTO SUPPLIER_ORDER VALUES ('8903', DATE '2022-11-26', '1788', '788', 320);
INSERT INTO SUPPLIER_ORDER VALUES ('8904', DATE '2022-12-24', '1787', '787', 750);
INSERT INTO SUPPLIER_ORDER VALUES ('8905', DATE '2022-12-31', '1778', '778', 760);
INSERT INTO SUPPLIER_ORDER VALUES ('8906', DATE '2023-01-11', '1782', '782', 570);
INSERT INTO SUPPLIER_ORDER VALUES ('8907', DATE '2023-01-15', '1785', '785', 980);
select * from supplier_order;

--INSERT DATA INTO TABLE RECEIPT_PRODUCT:
INSERT INTO RECEIPT_PRODUCT VALUES ('1', '754', '1776', 2);
INSERT INTO RECEIPT_PRODUCT VALUES ('2', '754', '1775', 1);
INSERT INTO RECEIPT_PRODUCT VALUES ('3', '754', '1777', 3);
INSERT INTO RECEIPT_PRODUCT VALUES ('4', '755', '1778', 4);
INSERT INTO RECEIPT_PRODUCT VALUES ('5', '755', '1779', 3);
INSERT INTO RECEIPT_PRODUCT VALUES ('6', '756', '1777', 1);
INSERT INTO RECEIPT_PRODUCT VALUES ('7', '757', '1785', 3);
INSERT INTO RECEIPT_PRODUCT VALUES ('8', '757', '1787', 5);
INSERT INTO RECEIPT_PRODUCT VALUES ('9', '758', '1782', 3);
INSERT INTO RECEIPT_PRODUCT VALUES ('10', '759', '1784', 2);
INSERT INTO RECEIPT_PRODUCT VALUES ('11', '759', '1776', 1);
INSERT INTO RECEIPT_PRODUCT VALUES ('12', '759', '1785', 4);
INSERT INTO RECEIPT_PRODUCT VALUES ('13', '760', '1776', 6);
INSERT INTO RECEIPT_PRODUCT VALUES ('14', '760', '1779', 3);
INSERT INTO RECEIPT_PRODUCT VALUES ('15', '761', '1783', 2);
INSERT INTO RECEIPT_PRODUCT VALUES ('16', '762', '1785', 5);
INSERT INTO RECEIPT_PRODUCT VALUES ('17', '762', '1782', 2);
INSERT INTO RECEIPT_PRODUCT VALUES ('18', '763', '1781', 4);
INSERT INTO RECEIPT_PRODUCT VALUES ('19', '764', '1784', 2);
INSERT INTO RECEIPT_PRODUCT VALUES ('20', '764', '1782', 6);
INSERT INTO RECEIPT_PRODUCT VALUES ('21', '765', '1781', 2);
INSERT INTO RECEIPT_PRODUCT VALUES ('22', '765', '1787', 4);
INSERT INTO RECEIPT_PRODUCT VALUES ('23', '765', '1784', 5);
INSERT INTO RECEIPT_PRODUCT VALUES ('24', '766', '1779', 1);
INSERT INTO RECEIPT_PRODUCT VALUES ('25', '767', '1780', 6);
select * from receipt_product;

--INSERT DATA INTO TABLE MEMBER_TYPE:
INSERT INTO MEMBER_TYPE VALUES ('standard', 0);
INSERT INTO MEMBER_TYPE VALUES ('premium', 10);
INSERT INTO MEMBER_TYPE VALUES ('diamond', 20);
select * from member_type;

--INSERT DATA INTO TABLE PAYMENT:
INSERT INTO PAYMENT VALUES ('6400', 'cash', '59995');
INSERT INTO PAYMENT VALUES ('6401', 'cash', '59996');
INSERT INTO PAYMENT VALUES ('6402', 'cash', '59997');
INSERT INTO PAYMENT VALUES ('6403', 'e-wallet', '13444');
INSERT INTO PAYMENT VALUES ('6404', 'bank transaction', '22222');
INSERT INTO PAYMENT VALUES ('6405', 'bank transaction', '22223');
INSERT INTO PAYMENT VALUES ('6406', 'bank transaction', '22224');
INSERT INTO PAYMENT VALUES ('6407', 'bank transaction', '22225');
INSERT INTO PAYMENT VALUES ('6408', 'e-wallet', '13445');
INSERT INTO PAYMENT VALUES ('6409', 'cash', '59999');
INSERT INTO PAYMENT VALUES ('6410', 'cash', '60000');
INSERT INTO PAYMENT VALUES ('6411', 'bank transaction', '22226');
INSERT INTO PAYMENT VALUES ('6412', 'e-wallet', '13446');
INSERT INTO PAYMENT VALUES ('6413', 'e-wallet', '13447');
INSERT INTO PAYMENT VALUES ('6414', 'bank transaction', '22227');
select * from payment;

--INSERT DATA INTO TABLE MEMBERSHIP:
INSERT INTO MEMBERSHIP VALUES ('55', 'Joshua', 'male', 'No 27,Jalan Abdullah, Taman Abdullah, 40000Klang, Selangor', 'premium');
INSERT INTO MEMBERSHIP VALUES ('56', 'Jared', 'male', 'No 77,Jalan Abdullah, Taman Abdullah, 40000Klang, Selangor', 'diamond');
INSERT INTO MEMBERSHIP VALUES ('57', 'Thomas', 'male', 'No 43,Jalan Bijak, Taman Bijak, 40000Klang, Selangor', 'standard');
INSERT INTO MEMBERSHIP VALUES ('58', 'Karol', 'female', 'No 26,Jalan Nagasari, Taman Nagasari, 40000Klang, Selangor', 'premium');
INSERT INTO MEMBERSHIP VALUES ('59', 'Caitlyn', 'female', 'No 54,Jalan Putra, Taman Putra, 40000Klang, Selangor', 'standard');
INSERT INTO MEMBERSHIP VALUES ('60', 'John', 'male', 'No 88,Jalan Genuang, Taman Genuang, 40000Klang, Selangor', 'premium');
INSERT INTO MEMBERSHIP VALUES ('61', 'Junely', 'female', 'No 8,Jalan Tinggi, Taman Tinggi, 40000Klang, Selangor', 'standard');
INSERT INTO MEMBERSHIP VALUES ('62', 'Younel', 'female', 'No 43,Jalan Getah, Taman Getah, 40000Klang, Selangor', 'premium');
INSERT INTO MEMBERSHIP VALUES ('63', 'Jospher', 'male', 'No 65,Jalan Gangsa, Taman Gangsa, 40000Klang, Selangor', 'standard');
INSERT INTO MEMBERSHIP VALUES ('64', 'Karl', 'female', 'No 25,Jalan Perak, Taman Perak, 40000Klang, Selangor', 'diamond');
INSERT INTO MEMBERSHIP VALUES ('65', 'Jimmy', 'male', 'No 62,Jalan Kilat, Taman Kilat, 40000Klang, Selangor', 'premium');

select * from membership;

--INSERT DATA INTO TABLE RECEIPT:
INSERT INTO RECEIPT VALUES ('754', TIMESTAMP '2022-08-22 11:14:23', '2','55', 23.7, '6400');
INSERT INTO RECEIPT VALUES ('755', TIMESTAMP '2022-08-22 14:14:23', '3','56', 25.5, '6401');
INSERT INTO RECEIPT VALUES ('756', TIMESTAMP '2022-08-23 08:14:23', '3','57', 27.6, '6402');
INSERT INTO RECEIPT VALUES ('757', TIMESTAMP '2022-08-23 17:16:23', '2','58', 24.7, '6403');
INSERT INTO RECEIPT VALUES ('758', TIMESTAMP '2022-08-24 11:13:23', '3','55', 23.6, '6404');
INSERT INTO RECEIPT VALUES ('759', TIMESTAMP '2022-08-24 18:14:23', '3','58', 16.7, '6405');
INSERT INTO RECEIPT VALUES ('760', TIMESTAMP '2022-08-24 12:45:33', '2','64', 15.7, '6406');
INSERT INTO RECEIPT VALUES ('761', TIMESTAMP '2022-08-25 13:57:54', '2','63', 14.7, '6407');
INSERT INTO RECEIPT VALUES ('762', TIMESTAMP '2022-08-25 18:35:34', '2','65', 6.8, '6408');
INSERT INTO RECEIPT VALUES ('763', TIMESTAMP '2022-08-25 19:32:45', '3','57', 23.7, '6409');
INSERT INTO RECEIPT VALUES ('764', TIMESTAMP '2022-08-25 14:53:34', '3','55', 54.7, '6410');
INSERT INTO RECEIPT VALUES ('765', TIMESTAMP '2022-08-26 13:58:34', '2','61', 56.3, '6411');
INSERT INTO RECEIPT VALUES ('766', TIMESTAMP '2022-08-26 15:47:52', '3','60', 24.7, '6412');
INSERT INTO RECEIPT VALUES ('767', TIMESTAMP '2022-08-26 16:30:23', '3','59', 28.5, '6413');
INSERT INTO RECEIPT VALUES ('768', TIMESTAMP '2022-08-27 18:23:45', '2','57', 15.5, '6414');
select * from receipt;

--INSERT DATA INTO TABLE SALES:
INSERT INTO SALES VALUES ('226', '754', DATE '2022-08-22', 34.5);
INSERT INTO SALES VALUES ('226', '755', DATE'2022-08-22', 25.5);
INSERT INTO SALES VALUES ('227', '756', DATE '2022-08-23', 27.6);
INSERT INTO SALES VALUES ('227', '757', DATE '2022-08-23', 24.7);
INSERT INTO SALES VALUES ('228', '758', DATE '2022-08-24', 23.6);
INSERT INTO SALES VALUES ('228', '759', DATE '2022-08-24', 16.7);
INSERT INTO SALES VALUES ('228', '760', DATE '2022-08-24', 15.7);
INSERT INTO SALES VALUES ('229', '761', DATE '2022-08-25', 14.7);
INSERT INTO SALES VALUES ('229', '762', DATE '2022-08-25', 6.8);
INSERT INTO SALES VALUES ('229', '763', DATE '2022-08-25', 23.7);
INSERT INTO SALES VALUES ('229', '764', DATE '2022-08-25', 54.7);
INSERT INTO SALES VALUES ('230', '765', DATE '2022-08-26', 56.3);
INSERT INTO SALES VALUES ('230', '766', DATE '2022-08-26', 24.7);
INSERT INTO SALES VALUES ('230', '767', DATE '2022-08-26', 28.5);
INSERT INTO SALES VALUES ('231', '768', DATE '2022-08-27', 15.5);
select * from SALES;